trial	scenario	expected	exit	result
first directory	valid	CAPTURED	1	FAIL
first directory	c67-valid	CAPTURED	1	FAIL
first directory	adb-valid	CAPTURED	1	FAIL
first directory	adb-server	ADB_HOST_SERVER_UNAVAILABLE	1	FAIL
first directory	adb-connection	ANDROID_ADB_CONNECTION_UNAVAILABLE	1	FAIL
first directory	frame-valid	CAPTURED	1	FAIL
first directory	frame-header-only	CAPTURED	1	FAIL
first directory	zoom-valid	CAPTURED	1	FAIL
first directory	zoom-missing	INSTRUMENTATION_GAP	1	FAIL
first directory	zoom-stale	STALE_TELEMETRY	1	FAIL
first directory	service	SHIZUKU_SERVICE_UNAVAILABLE	1	FAIL
first directory	unauthorized	SHIZUKU_UNAUTHORIZED	1	FAIL
first directory	termux	WRONG_CONTEXT	1	FAIL
first directory	wrong-package	PACKAGE_NOT_INSTALLED_OR_AMBIGUOUS	1	FAIL
first directory	no-pid	PID_ABSENT_OR_MULTIPLE	1	FAIL
first directory	multiple-pid	PID_ABSENT_OR_MULTIPLE	1	FAIL
first directory	changed-pid	PROCESS_CHANGED_OR_DISAPPEARED	1	FAIL
first directory	disappeared-pid	PROCESS_CHANGED_OR_DISAPPEARED	1	FAIL
first directory	reused-pid	PROCESS_CHANGED:pid reused	1	FAIL
first directory	swapped-apk	INSTALLED_ARTIFACT_MISMATCH	1	FAIL
first directory	permission	PERMISSION_FAILURE	1	FAIL
first directory	failed-producer	PRODUCER_FAILURE:observation:7	1	FAIL
first directory	timeout	CAPTURE_TIMEOUT	1	FAIL
first directory	output-limit	CAPTURE_OUTPUT_LIMIT	1	FAIL
first directory	interrupted	CAPTURE_INTERRUPTED_OR_SIGNAL	1	FAIL
first directory	empty-log	EMPTY_OBSERVATION	1	FAIL
first directory	wrong-handset	PROFILE_CONFLICT:physical instance	1	FAIL
first directory	wrong-abi	PROFILE_CONFLICT:ABI	1	FAIL
first directory	stale-profile	PROFILE_FRESHNESS	1	FAIL
first directory	unknown-profile	CURRENT_PROFILE_REQUIRED	1	FAIL
first directory	changed-task	TASK_DIGEST_MISMATCH	1	FAIL
first directory	changed-channel	RUNTIME_CHANGED:dex	1	FAIL
first directory	changed-apk-after	ARTIFACT_CHANGED_DURING_CAPTURE	1	FAIL
first directory	wrong-version	VERSION_MISMATCH	1	FAIL
second 'directory'	valid	CAPTURED	1	FAIL
second 'directory'	c67-valid	CAPTURED	1	FAIL
second 'directory'	adb-valid	CAPTURED	1	FAIL
second 'directory'	adb-server	ADB_HOST_SERVER_UNAVAILABLE	1	FAIL
second 'directory'	adb-connection	ANDROID_ADB_CONNECTION_UNAVAILABLE	1	FAIL
second 'directory'	frame-valid	CAPTURED	1	FAIL
second 'directory'	frame-header-only	CAPTURED	1	FAIL
second 'directory'	zoom-valid	CAPTURED	1	FAIL
second 'directory'	zoom-missing	INSTRUMENTATION_GAP	1	FAIL
second 'directory'	zoom-stale	STALE_TELEMETRY	1	FAIL
second 'directory'	service	SHIZUKU_SERVICE_UNAVAILABLE	1	FAIL
second 'directory'	unauthorized	SHIZUKU_UNAUTHORIZED	1	FAIL
second 'directory'	termux	WRONG_CONTEXT	1	FAIL
second 'directory'	wrong-package	PACKAGE_NOT_INSTALLED_OR_AMBIGUOUS	1	FAIL
second 'directory'	no-pid	PID_ABSENT_OR_MULTIPLE	1	FAIL
second 'directory'	multiple-pid	PID_ABSENT_OR_MULTIPLE	1	FAIL
second 'directory'	changed-pid	PROCESS_CHANGED_OR_DISAPPEARED	1	FAIL
second 'directory'	disappeared-pid	PROCESS_CHANGED_OR_DISAPPEARED	1	FAIL
second 'directory'	reused-pid	PROCESS_CHANGED:pid reused	1	FAIL
second 'directory'	swapped-apk	INSTALLED_ARTIFACT_MISMATCH	1	FAIL
second 'directory'	permission	PERMISSION_FAILURE	1	FAIL
second 'directory'	failed-producer	PRODUCER_FAILURE:observation:7	1	FAIL
second 'directory'	timeout	CAPTURE_TIMEOUT	1	FAIL
second 'directory'	output-limit	CAPTURE_OUTPUT_LIMIT	1	FAIL
second 'directory'	interrupted	CAPTURE_INTERRUPTED_OR_SIGNAL	1	FAIL
second 'directory'	empty-log	EMPTY_OBSERVATION	1	FAIL
second 'directory'	wrong-handset	PROFILE_CONFLICT:physical instance	1	FAIL
second 'directory'	wrong-abi	PROFILE_CONFLICT:ABI	1	FAIL
second 'directory'	stale-profile	PROFILE_FRESHNESS	1	FAIL
second 'directory'	unknown-profile	CURRENT_PROFILE_REQUIRED	1	FAIL
second 'directory'	changed-task	TASK_DIGEST_MISMATCH	1	FAIL
second 'directory'	changed-channel	RUNTIME_CHANGED:dex	1	FAIL
second 'directory'	changed-apk-after	ARTIFACT_CHANGED_DURING_CAPTURE	1	FAIL
second 'directory'	wrong-version	VERSION_MISMATCH	1	FAIL
