trial	operation	route	invariant	case	exit	result
first unrelated directory	materialize	manual	KAP-001	valid-manual	1	FAIL
first unrelated directory	materialize	manual	KAP-001	valid-registered	1	FAIL
first unrelated directory	materialize	manual	KAP-002	wrong-handset	1	FAIL
first unrelated directory	materialize	manual	KAP-002	wrong-abi	1	FAIL
first unrelated directory	materialize	manual	KAP-002	stale-profile	1	FAIL
first unrelated directory	materialize	manual	KAP-003	changed-script	1	PASS
first unrelated directory	materialize	manual	KAP-003	changed-runtime	1	PASS
first unrelated directory	materialize	manual	KAP-003	changed-payload	1	PASS
first unrelated directory	materialize	manual	KAP-003	changed-profile	1	FAIL
first unrelated directory	materialize	manual	KAP-004	uri-valid	1	FAIL
first unrelated directory	materialize	manual	KAP-004	uri-as-path	1	FAIL
first unrelated directory	materialize	manual	KAP-005	install-failed	1	FAIL
first unrelated directory	materialize	manual	KAP-005	signer-refusal	1	FAIL
first unrelated directory	materialize	manual	KAP-005	downgrade-refusal	1	FAIL
first unrelated directory	materialize	manual	KAP-006	validator-failed	1	FAIL
first unrelated directory	materialize	manual	KAP-006	partial-receipt	1	FAIL
first unrelated directory	materialize	manual	KAP-006	wrong-receipt	1	FAIL
first unrelated directory	materialize	manual	KAP-006	timeout	1	FAIL
first unrelated directory	materialize	manual	KAP-007	wrong-registration	1	FAIL
first unrelated directory	materialize	manual	KAP-008	android-unqualified	1	PASS
first unrelated directory	materialize	manual	KAP-009	duplicate-contract	1	PASS
first unrelated directory	materialize	manual	KAP-009	unknown-contract	1	PASS
first unrelated directory	materialize	manual	KAP-009	symlink-input	1	FAIL
first unrelated directory	materialize	manual	KAP-006	mutant-admission-exit-zero	1	FAIL
first unrelated directory	materialize	manual	KAP-006	mutant-validator-exit-zero	1	FAIL
first unrelated directory	materialize	registered	KAP-001	valid-manual	1	FAIL
first unrelated directory	materialize	registered	KAP-001	valid-registered	1	FAIL
first unrelated directory	materialize	registered	KAP-002	wrong-handset	1	FAIL
first unrelated directory	materialize	registered	KAP-002	wrong-abi	1	FAIL
first unrelated directory	materialize	registered	KAP-002	stale-profile	1	FAIL
first unrelated directory	materialize	registered	KAP-003	changed-script	1	PASS
first unrelated directory	materialize	registered	KAP-003	changed-runtime	1	PASS
first unrelated directory	materialize	registered	KAP-003	changed-payload	1	PASS
first unrelated directory	materialize	registered	KAP-003	changed-profile	1	FAIL
first unrelated directory	materialize	registered	KAP-004	uri-valid	1	FAIL
first unrelated directory	materialize	registered	KAP-004	uri-as-path	1	FAIL
first unrelated directory	materialize	registered	KAP-005	install-failed	1	FAIL
first unrelated directory	materialize	registered	KAP-005	signer-refusal	1	FAIL
first unrelated directory	materialize	registered	KAP-005	downgrade-refusal	1	FAIL
first unrelated directory	materialize	registered	KAP-006	validator-failed	1	FAIL
first unrelated directory	materialize	registered	KAP-006	partial-receipt	1	FAIL
first unrelated directory	materialize	registered	KAP-006	wrong-receipt	1	FAIL
first unrelated directory	materialize	registered	KAP-006	timeout	1	FAIL
first unrelated directory	materialize	registered	KAP-007	wrong-registration	1	FAIL
first unrelated directory	materialize	registered	KAP-008	android-unqualified	1	PASS
first unrelated directory	materialize	registered	KAP-009	duplicate-contract	1	PASS
first unrelated directory	materialize	registered	KAP-009	unknown-contract	1	PASS
first unrelated directory	materialize	registered	KAP-009	symlink-input	1	FAIL
first unrelated directory	materialize	registered	KAP-006	mutant-admission-exit-zero	1	FAIL
first unrelated directory	materialize	registered	KAP-006	mutant-validator-exit-zero	1	FAIL
first unrelated directory	install-update	manual	KAP-001	valid-manual	1	FAIL
first unrelated directory	install-update	manual	KAP-001	valid-registered	1	FAIL
first unrelated directory	install-update	manual	KAP-002	wrong-handset	1	FAIL
first unrelated directory	install-update	manual	KAP-002	wrong-abi	1	FAIL
first unrelated directory	install-update	manual	KAP-002	stale-profile	1	FAIL
first unrelated directory	install-update	manual	KAP-003	changed-script	1	PASS
first unrelated directory	install-update	manual	KAP-003	changed-runtime	1	PASS
first unrelated directory	install-update	manual	KAP-003	changed-payload	1	PASS
first unrelated directory	install-update	manual	KAP-003	changed-profile	1	FAIL
first unrelated directory	install-update	manual	KAP-004	uri-valid	1	FAIL
first unrelated directory	install-update	manual	KAP-004	uri-as-path	1	FAIL
first unrelated directory	install-update	manual	KAP-005	install-failed	1	FAIL
first unrelated directory	install-update	manual	KAP-005	signer-refusal	1	FAIL
first unrelated directory	install-update	manual	KAP-005	downgrade-refusal	1	FAIL
first unrelated directory	install-update	manual	KAP-006	validator-failed	1	FAIL
first unrelated directory	install-update	manual	KAP-006	partial-receipt	1	FAIL
first unrelated directory	install-update	manual	KAP-006	wrong-receipt	1	FAIL
first unrelated directory	install-update	manual	KAP-006	timeout	1	FAIL
first unrelated directory	install-update	manual	KAP-007	wrong-registration	1	FAIL
first unrelated directory	install-update	manual	KAP-008	android-unqualified	1	PASS
first unrelated directory	install-update	manual	KAP-009	duplicate-contract	1	PASS
first unrelated directory	install-update	manual	KAP-009	unknown-contract	1	PASS
first unrelated directory	install-update	manual	KAP-009	symlink-input	1	FAIL
first unrelated directory	install-update	manual	KAP-006	mutant-admission-exit-zero	1	FAIL
first unrelated directory	install-update	manual	KAP-006	mutant-validator-exit-zero	1	FAIL
first unrelated directory	install-update	registered	KAP-001	valid-manual	1	FAIL
first unrelated directory	install-update	registered	KAP-001	valid-registered	1	FAIL
first unrelated directory	install-update	registered	KAP-002	wrong-handset	1	FAIL
first unrelated directory	install-update	registered	KAP-002	wrong-abi	1	FAIL
first unrelated directory	install-update	registered	KAP-002	stale-profile	1	FAIL
first unrelated directory	install-update	registered	KAP-003	changed-script	1	PASS
first unrelated directory	install-update	registered	KAP-003	changed-runtime	1	PASS
first unrelated directory	install-update	registered	KAP-003	changed-payload	1	PASS
first unrelated directory	install-update	registered	KAP-003	changed-profile	1	FAIL
first unrelated directory	install-update	registered	KAP-004	uri-valid	1	FAIL
first unrelated directory	install-update	registered	KAP-004	uri-as-path	1	FAIL
first unrelated directory	install-update	registered	KAP-005	install-failed	1	FAIL
first unrelated directory	install-update	registered	KAP-005	signer-refusal	1	FAIL
first unrelated directory	install-update	registered	KAP-005	downgrade-refusal	1	FAIL
first unrelated directory	install-update	registered	KAP-006	validator-failed	1	FAIL
first unrelated directory	install-update	registered	KAP-006	partial-receipt	1	FAIL
first unrelated directory	install-update	registered	KAP-006	wrong-receipt	1	FAIL
first unrelated directory	install-update	registered	KAP-006	timeout	1	FAIL
first unrelated directory	install-update	registered	KAP-007	wrong-registration	1	FAIL
first unrelated directory	install-update	registered	KAP-008	android-unqualified	1	PASS
first unrelated directory	install-update	registered	KAP-009	duplicate-contract	1	PASS
first unrelated directory	install-update	registered	KAP-009	unknown-contract	1	PASS
first unrelated directory	install-update	registered	KAP-009	symlink-input	1	FAIL
first unrelated directory	install-update	registered	KAP-006	mutant-admission-exit-zero	1	FAIL
first unrelated directory	install-update	registered	KAP-006	mutant-validator-exit-zero	1	FAIL
first unrelated directory	capture	manual	KAP-001	valid-manual	1	FAIL
first unrelated directory	capture	manual	KAP-001	valid-registered	1	FAIL
first unrelated directory	capture	manual	KAP-002	wrong-handset	1	FAIL
first unrelated directory	capture	manual	KAP-002	wrong-abi	1	FAIL
first unrelated directory	capture	manual	KAP-002	stale-profile	1	FAIL
first unrelated directory	capture	manual	KAP-003	changed-script	1	PASS
first unrelated directory	capture	manual	KAP-003	changed-runtime	1	PASS
first unrelated directory	capture	manual	KAP-003	changed-payload	1	PASS
first unrelated directory	capture	manual	KAP-003	changed-profile	1	FAIL
first unrelated directory	capture	manual	KAP-004	uri-valid	1	FAIL
first unrelated directory	capture	manual	KAP-004	uri-as-path	1	FAIL
first unrelated directory	capture	manual	KAP-005	install-failed	1	FAIL
first unrelated directory	capture	manual	KAP-005	signer-refusal	1	FAIL
first unrelated directory	capture	manual	KAP-005	downgrade-refusal	1	FAIL
first unrelated directory	capture	manual	KAP-006	validator-failed	1	FAIL
first unrelated directory	capture	manual	KAP-006	partial-receipt	1	FAIL
first unrelated directory	capture	manual	KAP-006	wrong-receipt	1	FAIL
first unrelated directory	capture	manual	KAP-006	timeout	1	FAIL
first unrelated directory	capture	manual	KAP-007	wrong-registration	1	FAIL
first unrelated directory	capture	manual	KAP-008	android-unqualified	1	PASS
first unrelated directory	capture	manual	KAP-009	duplicate-contract	1	PASS
first unrelated directory	capture	manual	KAP-009	unknown-contract	1	PASS
first unrelated directory	capture	manual	KAP-009	symlink-input	1	FAIL
first unrelated directory	capture	manual	KAP-006	mutant-admission-exit-zero	1	FAIL
first unrelated directory	capture	manual	KAP-006	mutant-validator-exit-zero	1	FAIL
first unrelated directory	capture	registered	KAP-001	valid-manual	1	FAIL
first unrelated directory	capture	registered	KAP-001	valid-registered	1	FAIL
first unrelated directory	capture	registered	KAP-002	wrong-handset	1	FAIL
first unrelated directory	capture	registered	KAP-002	wrong-abi	1	FAIL
first unrelated directory	capture	registered	KAP-002	stale-profile	1	FAIL
first unrelated directory	capture	registered	KAP-003	changed-script	1	PASS
first unrelated directory	capture	registered	KAP-003	changed-runtime	1	PASS
first unrelated directory	capture	registered	KAP-003	changed-payload	1	PASS
first unrelated directory	capture	registered	KAP-003	changed-profile	1	FAIL
first unrelated directory	capture	registered	KAP-004	uri-valid	1	FAIL
first unrelated directory	capture	registered	KAP-004	uri-as-path	1	FAIL
first unrelated directory	capture	registered	KAP-005	install-failed	1	FAIL
first unrelated directory	capture	registered	KAP-005	signer-refusal	1	FAIL
first unrelated directory	capture	registered	KAP-005	downgrade-refusal	1	FAIL
first unrelated directory	capture	registered	KAP-006	validator-failed	1	FAIL
first unrelated directory	capture	registered	KAP-006	partial-receipt	1	FAIL
first unrelated directory	capture	registered	KAP-006	wrong-receipt	1	FAIL
first unrelated directory	capture	registered	KAP-006	timeout	1	FAIL
first unrelated directory	capture	registered	KAP-007	wrong-registration	1	FAIL
first unrelated directory	capture	registered	KAP-008	android-unqualified	1	PASS
first unrelated directory	capture	registered	KAP-009	duplicate-contract	1	PASS
first unrelated directory	capture	registered	KAP-009	unknown-contract	1	PASS
first unrelated directory	capture	registered	KAP-009	symlink-input	1	FAIL
first unrelated directory	capture	registered	KAP-006	mutant-admission-exit-zero	1	FAIL
first unrelated directory	capture	registered	KAP-006	mutant-validator-exit-zero	1	FAIL
second 'unrelated' directory	materialize	manual	KAP-001	valid-manual	1	FAIL
second 'unrelated' directory	materialize	manual	KAP-001	valid-registered	1	FAIL
second 'unrelated' directory	materialize	manual	KAP-002	wrong-handset	1	FAIL
second 'unrelated' directory	materialize	manual	KAP-002	wrong-abi	1	FAIL
second 'unrelated' directory	materialize	manual	KAP-002	stale-profile	1	FAIL
second 'unrelated' directory	materialize	manual	KAP-003	changed-script	1	PASS
second 'unrelated' directory	materialize	manual	KAP-003	changed-runtime	1	PASS
second 'unrelated' directory	materialize	manual	KAP-003	changed-payload	1	PASS
second 'unrelated' directory	materialize	manual	KAP-003	changed-profile	1	FAIL
second 'unrelated' directory	materialize	manual	KAP-004	uri-valid	1	FAIL
second 'unrelated' directory	materialize	manual	KAP-004	uri-as-path	1	FAIL
second 'unrelated' directory	materialize	manual	KAP-005	install-failed	1	FAIL
second 'unrelated' directory	materialize	manual	KAP-005	signer-refusal	1	FAIL
second 'unrelated' directory	materialize	manual	KAP-005	downgrade-refusal	1	FAIL
second 'unrelated' directory	materialize	manual	KAP-006	validator-failed	1	FAIL
second 'unrelated' directory	materialize	manual	KAP-006	partial-receipt	1	FAIL
second 'unrelated' directory	materialize	manual	KAP-006	wrong-receipt	1	FAIL
second 'unrelated' directory	materialize	manual	KAP-006	timeout	1	FAIL
second 'unrelated' directory	materialize	manual	KAP-007	wrong-registration	1	FAIL
second 'unrelated' directory	materialize	manual	KAP-008	android-unqualified	1	PASS
second 'unrelated' directory	materialize	manual	KAP-009	duplicate-contract	1	PASS
second 'unrelated' directory	materialize	manual	KAP-009	unknown-contract	1	PASS
second 'unrelated' directory	materialize	manual	KAP-009	symlink-input	1	FAIL
second 'unrelated' directory	materialize	manual	KAP-006	mutant-admission-exit-zero	1	FAIL
second 'unrelated' directory	materialize	manual	KAP-006	mutant-validator-exit-zero	1	FAIL
second 'unrelated' directory	materialize	registered	KAP-001	valid-manual	1	FAIL
second 'unrelated' directory	materialize	registered	KAP-001	valid-registered	1	FAIL
second 'unrelated' directory	materialize	registered	KAP-002	wrong-handset	1	FAIL
second 'unrelated' directory	materialize	registered	KAP-002	wrong-abi	1	FAIL
second 'unrelated' directory	materialize	registered	KAP-002	stale-profile	1	FAIL
second 'unrelated' directory	materialize	registered	KAP-003	changed-script	1	PASS
second 'unrelated' directory	materialize	registered	KAP-003	changed-runtime	1	PASS
second 'unrelated' directory	materialize	registered	KAP-003	changed-payload	1	PASS
second 'unrelated' directory	materialize	registered	KAP-003	changed-profile	1	FAIL
second 'unrelated' directory	materialize	registered	KAP-004	uri-valid	1	FAIL
second 'unrelated' directory	materialize	registered	KAP-004	uri-as-path	1	FAIL
second 'unrelated' directory	materialize	registered	KAP-005	install-failed	1	FAIL
second 'unrelated' directory	materialize	registered	KAP-005	signer-refusal	1	FAIL
second 'unrelated' directory	materialize	registered	KAP-005	downgrade-refusal	1	FAIL
second 'unrelated' directory	materialize	registered	KAP-006	validator-failed	1	FAIL
second 'unrelated' directory	materialize	registered	KAP-006	partial-receipt	1	FAIL
second 'unrelated' directory	materialize	registered	KAP-006	wrong-receipt	1	FAIL
second 'unrelated' directory	materialize	registered	KAP-006	timeout	1	FAIL
second 'unrelated' directory	materialize	registered	KAP-007	wrong-registration	1	FAIL
second 'unrelated' directory	materialize	registered	KAP-008	android-unqualified	1	PASS
second 'unrelated' directory	materialize	registered	KAP-009	duplicate-contract	1	PASS
second 'unrelated' directory	materialize	registered	KAP-009	unknown-contract	1	PASS
second 'unrelated' directory	materialize	registered	KAP-009	symlink-input	1	FAIL
second 'unrelated' directory	materialize	registered	KAP-006	mutant-admission-exit-zero	1	FAIL
second 'unrelated' directory	materialize	registered	KAP-006	mutant-validator-exit-zero	1	FAIL
second 'unrelated' directory	install-update	manual	KAP-001	valid-manual	1	FAIL
second 'unrelated' directory	install-update	manual	KAP-001	valid-registered	1	FAIL
second 'unrelated' directory	install-update	manual	KAP-002	wrong-handset	1	FAIL
second 'unrelated' directory	install-update	manual	KAP-002	wrong-abi	1	FAIL
second 'unrelated' directory	install-update	manual	KAP-002	stale-profile	1	FAIL
second 'unrelated' directory	install-update	manual	KAP-003	changed-script	1	PASS
second 'unrelated' directory	install-update	manual	KAP-003	changed-runtime	1	PASS
second 'unrelated' directory	install-update	manual	KAP-003	changed-payload	1	PASS
second 'unrelated' directory	install-update	manual	KAP-003	changed-profile	1	FAIL
second 'unrelated' directory	install-update	manual	KAP-004	uri-valid	1	FAIL
second 'unrelated' directory	install-update	manual	KAP-004	uri-as-path	1	FAIL
second 'unrelated' directory	install-update	manual	KAP-005	install-failed	1	FAIL
second 'unrelated' directory	install-update	manual	KAP-005	signer-refusal	1	FAIL
second 'unrelated' directory	install-update	manual	KAP-005	downgrade-refusal	1	FAIL
second 'unrelated' directory	install-update	manual	KAP-006	validator-failed	1	FAIL
second 'unrelated' directory	install-update	manual	KAP-006	partial-receipt	1	FAIL
second 'unrelated' directory	install-update	manual	KAP-006	wrong-receipt	1	FAIL
second 'unrelated' directory	install-update	manual	KAP-006	timeout	1	FAIL
second 'unrelated' directory	install-update	manual	KAP-007	wrong-registration	1	FAIL
second 'unrelated' directory	install-update	manual	KAP-008	android-unqualified	1	PASS
second 'unrelated' directory	install-update	manual	KAP-009	duplicate-contract	1	PASS
second 'unrelated' directory	install-update	manual	KAP-009	unknown-contract	1	PASS
second 'unrelated' directory	install-update	manual	KAP-009	symlink-input	1	FAIL
second 'unrelated' directory	install-update	manual	KAP-006	mutant-admission-exit-zero	1	FAIL
second 'unrelated' directory	install-update	manual	KAP-006	mutant-validator-exit-zero	1	FAIL
second 'unrelated' directory	install-update	registered	KAP-001	valid-manual	1	FAIL
second 'unrelated' directory	install-update	registered	KAP-001	valid-registered	1	FAIL
second 'unrelated' directory	install-update	registered	KAP-002	wrong-handset	1	FAIL
second 'unrelated' directory	install-update	registered	KAP-002	wrong-abi	1	FAIL
second 'unrelated' directory	install-update	registered	KAP-002	stale-profile	1	FAIL
second 'unrelated' directory	install-update	registered	KAP-003	changed-script	1	PASS
second 'unrelated' directory	install-update	registered	KAP-003	changed-runtime	1	PASS
second 'unrelated' directory	install-update	registered	KAP-003	changed-payload	1	PASS
second 'unrelated' directory	install-update	registered	KAP-003	changed-profile	1	FAIL
second 'unrelated' directory	install-update	registered	KAP-004	uri-valid	1	FAIL
second 'unrelated' directory	install-update	registered	KAP-004	uri-as-path	1	FAIL
second 'unrelated' directory	install-update	registered	KAP-005	install-failed	1	FAIL
second 'unrelated' directory	install-update	registered	KAP-005	signer-refusal	1	FAIL
second 'unrelated' directory	install-update	registered	KAP-005	downgrade-refusal	1	FAIL
second 'unrelated' directory	install-update	registered	KAP-006	validator-failed	1	FAIL
second 'unrelated' directory	install-update	registered	KAP-006	partial-receipt	1	FAIL
second 'unrelated' directory	install-update	registered	KAP-006	wrong-receipt	1	FAIL
second 'unrelated' directory	install-update	registered	KAP-006	timeout	1	FAIL
second 'unrelated' directory	install-update	registered	KAP-007	wrong-registration	1	FAIL
second 'unrelated' directory	install-update	registered	KAP-008	android-unqualified	1	PASS
second 'unrelated' directory	install-update	registered	KAP-009	duplicate-contract	1	PASS
second 'unrelated' directory	install-update	registered	KAP-009	unknown-contract	1	PASS
second 'unrelated' directory	install-update	registered	KAP-009	symlink-input	1	FAIL
second 'unrelated' directory	install-update	registered	KAP-006	mutant-admission-exit-zero	1	FAIL
second 'unrelated' directory	install-update	registered	KAP-006	mutant-validator-exit-zero	1	FAIL
second 'unrelated' directory	capture	manual	KAP-001	valid-manual	1	FAIL
second 'unrelated' directory	capture	manual	KAP-001	valid-registered	1	FAIL
second 'unrelated' directory	capture	manual	KAP-002	wrong-handset	1	FAIL
second 'unrelated' directory	capture	manual	KAP-002	wrong-abi	1	FAIL
second 'unrelated' directory	capture	manual	KAP-002	stale-profile	1	FAIL
second 'unrelated' directory	capture	manual	KAP-003	changed-script	1	PASS
second 'unrelated' directory	capture	manual	KAP-003	changed-runtime	1	PASS
second 'unrelated' directory	capture	manual	KAP-003	changed-payload	1	PASS
second 'unrelated' directory	capture	manual	KAP-003	changed-profile	1	FAIL
second 'unrelated' directory	capture	manual	KAP-004	uri-valid	1	FAIL
second 'unrelated' directory	capture	manual	KAP-004	uri-as-path	1	FAIL
second 'unrelated' directory	capture	manual	KAP-005	install-failed	1	FAIL
second 'unrelated' directory	capture	manual	KAP-005	signer-refusal	1	FAIL
second 'unrelated' directory	capture	manual	KAP-005	downgrade-refusal	1	FAIL
second 'unrelated' directory	capture	manual	KAP-006	validator-failed	1	FAIL
second 'unrelated' directory	capture	manual	KAP-006	partial-receipt	1	FAIL
second 'unrelated' directory	capture	manual	KAP-006	wrong-receipt	1	FAIL
second 'unrelated' directory	capture	manual	KAP-006	timeout	1	FAIL
second 'unrelated' directory	capture	manual	KAP-007	wrong-registration	1	FAIL
second 'unrelated' directory	capture	manual	KAP-008	android-unqualified	1	PASS
second 'unrelated' directory	capture	manual	KAP-009	duplicate-contract	1	PASS
second 'unrelated' directory	capture	manual	KAP-009	unknown-contract	1	PASS
second 'unrelated' directory	capture	manual	KAP-009	symlink-input	1	FAIL
second 'unrelated' directory	capture	manual	KAP-006	mutant-admission-exit-zero	1	FAIL
second 'unrelated' directory	capture	manual	KAP-006	mutant-validator-exit-zero	1	FAIL
second 'unrelated' directory	capture	registered	KAP-001	valid-manual	1	FAIL
second 'unrelated' directory	capture	registered	KAP-001	valid-registered	1	FAIL
second 'unrelated' directory	capture	registered	KAP-002	wrong-handset	1	FAIL
second 'unrelated' directory	capture	registered	KAP-002	wrong-abi	1	FAIL
second 'unrelated' directory	capture	registered	KAP-002	stale-profile	1	FAIL
second 'unrelated' directory	capture	registered	KAP-003	changed-script	1	PASS
second 'unrelated' directory	capture	registered	KAP-003	changed-runtime	1	PASS
second 'unrelated' directory	capture	registered	KAP-003	changed-payload	1	PASS
second 'unrelated' directory	capture	registered	KAP-003	changed-profile	1	FAIL
second 'unrelated' directory	capture	registered	KAP-004	uri-valid	1	FAIL
second 'unrelated' directory	capture	registered	KAP-004	uri-as-path	1	FAIL
second 'unrelated' directory	capture	registered	KAP-005	install-failed	1	FAIL
second 'unrelated' directory	capture	registered	KAP-005	signer-refusal	1	FAIL
second 'unrelated' directory	capture	registered	KAP-005	downgrade-refusal	1	FAIL
second 'unrelated' directory	capture	registered	KAP-006	validator-failed	1	FAIL
second 'unrelated' directory	capture	registered	KAP-006	partial-receipt	1	FAIL
second 'unrelated' directory	capture	registered	KAP-006	wrong-receipt	1	FAIL
second 'unrelated' directory	capture	registered	KAP-006	timeout	1	FAIL
second 'unrelated' directory	capture	registered	KAP-007	wrong-registration	1	FAIL
second 'unrelated' directory	capture	registered	KAP-008	android-unqualified	1	PASS
second 'unrelated' directory	capture	registered	KAP-009	duplicate-contract	1	PASS
second 'unrelated' directory	capture	registered	KAP-009	unknown-contract	1	PASS
second 'unrelated' directory	capture	registered	KAP-009	symlink-input	1	FAIL
second 'unrelated' directory	capture	registered	KAP-006	mutant-admission-exit-zero	1	FAIL
second 'unrelated' directory	capture	registered	KAP-006	mutant-validator-exit-zero	1	FAIL
