tests	PASS
format	kitchen-mail-handoff-v1
acceptance	fixture-execution-only
live-mutation	BLOCKED
interpreter	L29wdC9jb2RleC9ydW50aW1lcy9jb2RleC1wcmltYXJ5LXJ1bnRpbWUvZGVwZW5kZW5jaWVzL3B5dGhvbi9iaW4vcHl0aG9uMw==	My4xMi4xNCAobWFpbiwgQXVnIDI1IDIwMjYsIDE0OjAwOjQ5KSBbQ2xhbmcgMjIuMS4zIF0=
file	L3dvcmtzcGFjZS9zY3JhdGNoLzJkNzUyMGZkMDY0ZS9raXRjaGVuL3Rhc2tzL3NkZi1zcGVjLWxpc3QtcmVmaWxlLzEucHk=	ce289a7d85e6ab38260e68cd7759cb8323d3034a4050f30e46fd3cecadef338e
file	L3dvcmtzcGFjZS9zY3JhdGNoLzJkNzUyMGZkMDY0ZS9raXRjaGVuL3Rhc2tzL3NkZi1zcGVjLWxpc3QtcmVmaWxlL2dhdGUucHk=	999c11d62011bcee38ff9be22d0d0367547aceb53780ce8f1f9a2287a01aeec7
file	L3dvcmtzcGFjZS9zY3JhdGNoLzJkNzUyMGZkMDY0ZS9raXRjaGVuL3Rhc2tzL3NkZi1zcGVjLWxpc3QtcmVmaWxlL3Rlc3RfaGFuZG9mZi5weQ==	5853baa66d20a4e6baaefddac7b4a23f51d8767ae00ab20a37d8b672a8bb5182
file	L3dvcmtzcGFjZS9zY3JhdGNoLzJkNzUyMGZkMDY0ZS9raXRjaGVuL3Rhc2tzL3NkZi1zcGVjLWxpc3QtcmVmaWxlL3JlcXVpcmVtZW50cy5tZA==	270b2af90db06db8d7de3190906e767704f828b5c5a611c8fb58ba4bab337028
file	L3dvcmtzcGFjZS9zY3JhdGNoLzJkNzUyMGZkMDY0ZS9tYm94L2V4YW1wbGVzL2F1dG9nZW5lcmF0ZWQvc2FmZS1maWxpbmcvZmlsaW5nLnB5	6e044f57408f3f27febca48e6a1b1c16e690bb329a7c558b8b2a48b4f2d34069
file	L3dvcmtzcGFjZS9zY3JhdGNoLzJkNzUyMGZkMDY0ZS9tYm94L2V4YW1wbGVzL2F1dG9nZW5lcmF0ZWQvc2FmZS1maWxpbmcvZnJhbWluZy5weQ==	d79aed9526a47a74fa1fa92a06b123155e9af2a6768abb934b0ce9e8a474ba4c
file	L3dvcmtzcGFjZS9zY3JhdGNoLzJkNzUyMGZkMDY0ZS9tYm94L2V4YW1wbGVzL2F1dG9nZW5lcmF0ZWQvc2FmZS1maWxpbmcvc3BlY19saXN0LnB5	bcb277dbe77fa5371f205de888cd480a0d1c504b0041046806982625c05cf533
file	L3dvcmtzcGFjZS9zY3JhdGNoLzJkNzUyMGZkMDY0ZS9tYm94L3Rlc3RzL2hhcmRlbmluZy9jb3JwdXMucHk=	e6259f11befa6e02c3d4719001ee36404b6338df87f8cb43e6d65e3b02e6b30d
file	L3dvcmtzcGFjZS9zY3JhdGNoLzJkNzUyMGZkMDY0ZS9tYm94L3Rlc3RzL2hhcmRlbmluZy90ZXN0X2ZpbGluZy5weQ==	e955b2d4ecc0f47a55b67673e570586b5bd7379b8d3cf0d1434c4db478ae4ccb
file	L3dvcmtzcGFjZS9zY3JhdGNoLzJkNzUyMGZkMDY0ZS9tYm94L3Rlc3RzL2hhcmRlbmluZy9tdXRhdGlvbnMucHk=	7a43da0c3cf79dbac1e20daf9c381416938c475f1f64294458341f2d47a06b3d
file	L3dvcmtzcGFjZS9zY3JhdGNoLzJkNzUyMGZkMDY0ZS9tYm94L0NPTlRSQUNULm1k	653eb614e38bac69a80d39ad72bcb41bac05c4342b69f2ed4909ee65dfe93705
file	L3dvcmtzcGFjZS9zY3JhdGNoLzJkNzUyMGZkMDY0ZS9tYm94L2ZpeHR1cmVzL21hbmlmZXN0Lmpzb24=	b0ac25ac69e934169e94059ff7a64e8176f4d15778af8dd196181cd62f4ebd73
file	L3dvcmtzcGFjZS9zY3JhdGNoLzJkNzUyMGZkMDY0ZS9tYm94L2ZpeHR1cmVzL1JFQURNRS5tZA==	801a02c8fb3b313a21c8ae12dce6af7e509c6e2f7f2151a81b8dc9708bdcbb24
file	L3dvcmtzcGFjZS9zY3JhdGNoLzJkNzUyMGZkMDY0ZS9tYm94L2ZpeHR1cmVzL1NIQTI1NlNVTVM=	ef3f8353b9598dfc1309c601f8d26782589133652bf271aeba3883294396b9a1
file	L3dvcmtzcGFjZS9zY3JhdGNoLzJkNzUyMGZkMDY0ZS9tYm94L2ZpeHR1cmVzL2FkZHJlc3Mtdmlldy5tYm94	e9c9e90f6012259860d14591a692f0a18c07e8ade3d57c230694c053b1701aa3
file	L3dvcmtzcGFjZS9zY3JhdGNoLzJkNzUyMGZkMDY0ZS9tYm94L2ZpeHR1cmVzL2NvcHktcHJlc2VydmF0aW9uLm1ib3g=	4ee72a15ab5407a2585fa37e283561fd3d5e3ed3a1c9886133ea316908e67e11
file	L3dvcmtzcGFjZS9zY3JhdGNoLzJkNzUyMGZkMDY0ZS9tYm94L2ZpeHR1cmVzL2RlZHVwLWNvcm5lcnMubWJveA==	ecab9a15c4cd4be2b27b006224abf05f3ee6fd4a9d2c208a915dcb1179f020f8
file	L3dvcmtzcGFjZS9zY3JhdGNoLzJkNzUyMGZkMDY0ZS9tYm94L2ZpeHR1cmVzL2VtcHR5Lm1ib3g=	e3b0c44298fc1c149afbf4c8996fb92427ae41e4649b934ca495991b7852b855
file	L3dvcmtzcGFjZS9zY3JhdGNoLzJkNzUyMGZkMDY0ZS9tYm94L2ZpeHR1cmVzL2hlYWRlci1jb3JuZXJzLm1ib3g=	d528da14f0c78f99f4559b1563390607c686a9eb31d377edc13eb12c02e7fa99
file	L3dvcmtzcGFjZS9zY3JhdGNoLzJkNzUyMGZkMDY0ZS9tYm94L2ZpeHR1cmVzL21ib3hvLWNybGYubWJveA==	29249d0f99ff369ca67b9c5464aade6b196bd7528f4c9926da3d37d87962c3b5
file	L3dvcmtzcGFjZS9zY3JhdGNoLzJkNzUyMGZkMDY0ZS9tYm94L2ZpeHR1cmVzL21ib3hvLWxmLm1ib3g=	0268cad65b1856c72c74e4f7953ef9d9ef8e2b676f54b9d22ae8516721f148b2
file	L3dvcmtzcGFjZS9zY3JhdGNoLzJkNzUyMGZkMDY0ZS9tYm94L2ZpeHR1cmVzL3NwZWMtbGlzdC1zZWxlY3Rpb24ubWJveA==	abe09382813f9c5770fe1a6736d92def93132ad7e5df5330c467be745146853a
file	L3dvcmtzcGFjZS9zY3JhdGNoLzJkNzUyMGZkMDY0ZS9tYm94L2ZpeHR1cmVzL3RyYW5zYWN0aW9ucy9SRUFETUUubWQ=	fe2ed42dc5a3974e31c77c7178b6a6a69c8042dbbe8de68652dca847788bf2b5
file	L3dvcmtzcGFjZS9zY3JhdGNoLzJkNzUyMGZkMDY0ZS9tYm94L2ZpeHR1cmVzL3RyYW5zYWN0aW9ucy9TSEEyNTZTVU1T	c3049b840d34abafbfabcc1c5ef7c82165716504aeebdf4eed77e1eca9e638f6
file	L3dvcmtzcGFjZS9zY3JhdGNoLzJkNzUyMGZkMDY0ZS9tYm94L2ZpeHR1cmVzL3RyYW5zYWN0aW9ucy9hcmNoaXZlLWZzeW5jZWQuanNvbg==	be6105564115ea2f417c741c446ae97d0983a384e791e31f1067f1a6d875067a
file	L3dvcmtzcGFjZS9zY3JhdGNoLzJkNzUyMGZkMDY0ZS9tYm94L2ZpeHR1cmVzL3RyYW5zYWN0aW9ucy9jb21tb24vYXJjaGl2ZS1iZWZvcmUubWJveA==	98a931ba87d1a0a40cb5a2de4eb6858bdfecc7d232e2867552e54d636669ce53
file	L3dvcmtzcGFjZS9zY3JhdGNoLzJkNzUyMGZkMDY0ZS9tYm94L2ZpeHR1cmVzL3RyYW5zYWN0aW9ucy9jb21tb24vYXJjaGl2ZS1taWQtb25lLm1ib3g=	0e9a88ad40107c35b8b45c5740cac4df3b0e11106a9c7d9df84f3af2f1d766e0
file	L3dvcmtzcGFjZS9zY3JhdGNoLzJkNzUyMGZkMDY0ZS9tYm94L2ZpeHR1cmVzL3RyYW5zYWN0aW9ucy9jb21tb24vYXJjaGl2ZS1vbGQubWJveA==	be2d9d9ff9e863f4e2fa34189f02bd7b9ba6c52d7423130780886ca821fe0bf6
file	L3dvcmtzcGFjZS9zY3JhdGNoLzJkNzUyMGZkMDY0ZS9tYm94L2ZpeHR1cmVzL3RyYW5zYWN0aW9ucy9jb21tb24vZXhwZWN0ZWQtYXJjaGl2ZS5tYm94	816893fac2a754e171f299bdc1f81a57b49b2d6d6e91f7fb3db848b7ba202ef8
file	L3dvcmtzcGFjZS9zY3JhdGNoLzJkNzUyMGZkMDY0ZS9tYm94L2ZpeHR1cmVzL3RyYW5zYWN0aW9ucy9jb21tb24vZXhwZWN0ZWQtc291cmNlLXdpdGgtbmV3LXRhaWwubWJveA==	cf5664d00459cfd001e077db27818fc978173af62833ca5ddcc48b38e0fb5996
file	L3dvcmtzcGFjZS9zY3JhdGNoLzJkNzUyMGZkMDY0ZS9tYm94L2ZpeHR1cmVzL3RyYW5zYWN0aW9ucy9jb21tb24vZXhwZWN0ZWQtc291cmNlLm1ib3g=	74289471d427e14ed6b7dd8389b089c0cc14c07de5c67b56a3ba28d1053b8280
file	L3dvcmtzcGFjZS9zY3JhdGNoLzJkNzUyMGZkMDY0ZS9tYm94L2ZpeHR1cmVzL3RyYW5zYWN0aW9ucy9jb21tb24va2VlcGVyLWFmdGVyLm1ib3g=	b212066789b1fe409dddee4dd76e96197dc55c09433dd35fa0e108a2b15e07cf
file	L3dvcmtzcGFjZS9zY3JhdGNoLzJkNzUyMGZkMDY0ZS9tYm94L2ZpeHR1cmVzL3RyYW5zYWN0aW9ucy9jb21tb24va2VlcGVyLWJlZm9yZS5tYm94	4806d382be9995e219d432d07adc7f5c9e597ce8c424d065f77bb2f9484fe1ab
file	L3dvcmtzcGFjZS9zY3JhdGNoLzJkNzUyMGZkMDY0ZS9tYm94L2ZpeHR1cmVzL3RyYW5zYWN0aW9ucy9jb21tb24vbmV3LXRhaWwubWJveA==	148bf1f53ea18d9a2dd5b0765573ca9e3acce8f2439441fae51bfae8d8e6eba0
file	L3dvcmtzcGFjZS9zY3JhdGNoLzJkNzUyMGZkMDY0ZS9tYm94L2ZpeHR1cmVzL3RyYW5zYWN0aW9ucy9jb21tb24vc2VsZWN0ZWQtZHVwbGljYXRlLm1ib3g=	7f9af876891b3f609e685ed414f8314569181ec5092de091109cadb19b8afee2
file	L3dvcmtzcGFjZS9zY3JhdGNoLzJkNzUyMGZkMDY0ZS9tYm94L2ZpeHR1cmVzL3RyYW5zYWN0aW9ucy9jb21tb24vc2VsZWN0ZWQtZmlyc3QubWJveA==	874e9a783963ece8ccb2a15cd381e093a9ee0a61de68c46d8543d21265e2dc7d
file	L3dvcmtzcGFjZS9zY3JhdGNoLzJkNzUyMGZkMDY0ZS9tYm94L2ZpeHR1cmVzL3RyYW5zYWN0aW9ucy9jb21tb24vc2VsZWN0ZWQubWJveA==	cb05db10bc11d7ebb3ac7cd4e86ae2f523aec087cde732db9804c8d4a029d51e
file	L3dvcmtzcGFjZS9zY3JhdGNoLzJkNzUyMGZkMDY0ZS9tYm94L2ZpeHR1cmVzL3RyYW5zYWN0aW9ucy9jb21tb24vc291cmNlLWJlZm9yZS5tYm94	d1d9cd2ab56876eb334fb1656c180833071b9930b29afbd64ffee7bd94d4fc3f
file	L3dvcmtzcGFjZS9zY3JhdGNoLzJkNzUyMGZkMDY0ZS9tYm94L2ZpeHR1cmVzL3RyYW5zYWN0aW9ucy9jb21tb24vc291cmNlLW11dGF0ZWQubWJveA==	f2001e52fadb98bcaca5294d5959aa7adb21ad3a9520ea8e5aebba9bb3627a21
file	L3dvcmtzcGFjZS9zY3JhdGNoLzJkNzUyMGZkMDY0ZS9tYm94L2ZpeHR1cmVzL3RyYW5zYWN0aW9ucy9jb21tb24vc291cmNlLXdpdGgtbmV3LXRhaWwubWJveA==	5a64ee34dfa6f53ee5a91632d483ebfa8cd7b3f16b9297aebd7a4bd51a8251d0
file	L3dvcmtzcGFjZS9zY3JhdGNoLzJkNzUyMGZkMDY0ZS9tYm94L2ZpeHR1cmVzL3RyYW5zYWN0aW9ucy9taWQtYXJjaGl2ZS5qc29u	ca73ed538ce39455c1182be856e7c91f6488e62eddb5e0cebb3b7ddbfdcfcdae
file	L3dvcmtzcGFjZS9zY3JhdGNoLzJkNzUyMGZkMDY0ZS9tYm94L2ZpeHR1cmVzL3RyYW5zYWN0aW9ucy9uZXctc291cmNlLXRhaWwuanNvbg==	ea7aa271c3ebe5044a40ec637bbdd61813497650d8eab4591f794ffe7e8004a6
file	L3dvcmtzcGFjZS9zY3JhdGNoLzJkNzUyMGZkMDY0ZS9tYm94L2ZpeHR1cmVzL3RyYW5zYWN0aW9ucy9vcmRpbmFyeS5qc29u	4906110469ac432e3c8f173abe8fbc4a96ae41bcc836a3fc9096e02029701e68
file	L3dvcmtzcGFjZS9zY3JhdGNoLzJkNzUyMGZkMDY0ZS9tYm94L2ZpeHR1cmVzL3RyYW5zYWN0aW9ucy9wcmVwYXJlZC5qc29u	adef50701df0da30114bdc239a6dfde5b2f1261bbdeff2aa7b63b7b440b477f2
file	L3dvcmtzcGFjZS9zY3JhdGNoLzJkNzUyMGZkMDY0ZS9tYm94L2ZpeHR1cmVzL3RyYW5zYWN0aW9ucy9zb3VyY2UtcHJlZml4LW11dGF0ZWQuanNvbg==	78232d492f0f54c32c687986f2420a918c8d7692359bd58a2791106776f7b8a0
file	L3dvcmtzcGFjZS9zY3JhdGNoLzJkNzUyMGZkMDY0ZS9tYm94L2ZpeHR1cmVzL3VuZXNjYXBlZC1mcm9tLXNwbGl0cy5tYm94	87f027761ec9130d282cc5711fc5b181d9869dd3b8deda0a77157aa6cedab840
argument	0	L29wdC9jb2RleC9ydW50aW1lcy9jb2RleC1wcmltYXJ5LXJ1bnRpbWUvZGVwZW5kZW5jaWVzL3B5dGhvbi9iaW4vcHl0aG9uMw==
argument	1	L3dvcmtzcGFjZS9zY3JhdGNoLzJkNzUyMGZkMDY0ZS9raXRjaGVuL3Rhc2tzL3NkZi1zcGVjLWxpc3QtcmVmaWxlLzEucHk=
argument	2	LS1lbmdpbmU=
argument	3	L3dvcmtzcGFjZS9zY3JhdGNoLzJkNzUyMGZkMDY0ZS9tYm94L2V4YW1wbGVzL2F1dG9nZW5lcmF0ZWQvc2FmZS1maWxpbmc=
argument	4	cGxhbg==
argument	5	LS1zb3VyY2U=
argument	6	L3Zhci9tYWlsL2lzb21vcnBoaXNtcw==
argument	7	LS1kZXN0aW5hdGlvbg==
argument	8	L3NkZi9hcnBhL2dtL2kvaXNvbW9ycGhpc21zL01haWwvc3BlYy1saXN0
argument	9	LS1tb2Rl
argument	10	aW5zcGVjdA==
argument	11	LS1saXZlLXNwb29s
