invariant	case	expected
KAP-001	valid-manual	PASS
KAP-001	valid-registered	PASS
KAP-002	wrong-handset	WRONG_HANDSET
KAP-002	wrong-abi	WRONG_ABI
KAP-002	stale-profile	STALE_PROFILE
KAP-003	changed-script	FILE_DIGEST_MISMATCH
KAP-003	changed-runtime	FILE_DIGEST_MISMATCH
KAP-003	changed-payload	FILE_DIGEST_MISMATCH
KAP-003	changed-profile	FILE_DIGEST_MISMATCH
KAP-004	uri-valid	PASS
KAP-004	uri-as-path	URI_IS_NOT_PATH
KAP-005	install-failed	STAGE_FAILED
KAP-005	signer-refusal	SIGNER_REFUSAL
KAP-005	downgrade-refusal	DOWNGRADE_REFUSAL
KAP-006	validator-failed	STAGE_FAILED
KAP-006	partial-receipt	POSTCONDITION_MISSING
KAP-006	wrong-receipt	POSTCONDITION_BINDING
KAP-006	timeout	STAGE_TIMEOUT
KAP-007	wrong-registration	REGISTRATION_BINDING
KAP-008	android-unqualified	PREDECESSORS_UNQUALIFIED
KAP-009	duplicate-contract	DUPLICATE_FIELD
KAP-009	unknown-contract	UNKNOWN_FIELD
KAP-009	symlink-input	UNSAFE_FILE
KAP-006	mutant-admission-exit-zero	POSTCONDITION_MISSING
KAP-006	mutant-validator-exit-zero	POSTCONDITION_MISSING
KAP-003	executor-changes-input	FILE_DIGEST_MISMATCH
KAP-003	validator-rewrites-owner	FILE_DIGEST_MISMATCH
